bader,10111,Admin,Edit a user successfully,2023-07-22  03:39:50 
bader,10111,Admin,go to page admin,2023-07-22  03:40:22 
bader,10111,Admin,Settings,2023-07-22      04:02:59 
bader,10111,Admin,Settings,2023-07-22      04:06:48 
bader,10111,Process,Face Recognition,2023-07-22      04:10:48 
bader,10111,Admin,go to page admin,2023-07-22      04:11:08 
bader,10111,Admin,Settings,2023-07-22      04:13:21 
bader,10111,Admin,Settings,2023-07-22      04:17:02 
bader,10111,Admin,Add a user,2023-07-22      04:17:38 
bader,10111,Admin,Settings,2023-07-22      04:18:00 
bader,10111,Admin,deleted successfully!,2023-07-22      04:18:09 
bader,10111,Admin,Add a user,2023-07-22      04:21:01 
bader,10111,Admin,deleted successfully!,2023-07-22      04:22:15 
bader,10111,Admin,Add a user,2023-07-22      04:22:46 
bader,10111,Admin,deleted successfully!,2023-07-22      04:23:57 
bader,10111,Admin,Add a user,2023-07-22      04:24:50 
bader,10111,Admin,go to page admin,2023-07-22      04:26:13 
bader,10111,Admin,Settings,2023-07-22      04:26:51 
bader,10111,Admin,Settings,2023-07-22      18:04:49 
bader,10111,Admin,go to page admin,2023-07-22      22:42:50 
bader,10111,Admin,Settings,2023-07-22      22:44:35 
bader,10111,Admin,Edit a user successfully,2023-07-22     22:45:01 
bader,10111,Admin,Edit a user successfully,2023-07-22     22:49:24 
bader,10111,Admin,Edit a user successfully,2023-07-22     22:49:51 
bader,10111,Admin,Edit a user successfully,2023-07-22     22:49:59 
bader,10111,Admin,Edit a user successfully,2023-07-22     22:50:14 
bader,10111,Admin,Edit a user successfully,2023-07-22     22:55:29 
bader,10111,Admin,Edit a user successfully,2023-07-22     22:55:38 
bader,10111,Admin,Edit a user successfully,2023-07-22     22:59:06 
bader,10111,Admin,Edit a user successfully,2023-07-22     23:01:03 
bader,10111,Admin,Edit a user successfully,2023-07-22     23:02:16 
bader,10111,Admin,Edit a user successfully,2023-07-22     23:03:54 
bader,10111,Admin,Edit a user successfully,2023-07-22     23:04:33 
bader,10111,Admin,Edit a user successfully,2023-07-22     23:05:15 
bader,10111,Admin,Edit a user successfully,2023-07-22     23:06:36 
bader,10111,Admin,deleted successfully!,2023-07-22      23:09:04 
bader,10111,Admin,Edit a user successfully,2023-07-22     23:09:17 
bader,10111,Admin,Edit a user successfully,2023-07-22     23:15:56 
bader,10111,Admin,Edit a user successfully,2023-07-22     23:18:22 
bader,10111,Admin,Edit a user successfully,2023-07-22     23:18:38 
bader,10111,Admin,Edit a user successfully,2023-07-22     23:18:59 
bader,10111,Admin,Edit a user successfully,2023-07-23     00:04:13 
bader,10111,Admin,Edit a user successfully,2023-07-23     00:16:25 
bader,10111,Admin,Add a user,2023-07-23      00:18:36 
bader,10111,Admin,go to page admin,2023-07-23      16:34:29 
bader,10111,Admin,go to page admin,2023-07-23      16:37:52 
bader,10111,Admin,go to page admin,2023-07-23      16:49:10 
bader,10111,Admin,go to page admin,2023-07-23      16:49:43 
bader,10111,Admin,go to page admin,2023-07-23      16:51:10 
bader,10111,Admin,go to page admin,2023-07-23      16:53:49 
baderdineee,101789,Maintenance,Face Recognition,2023-07-23      17:56:46 
bader,10111,Admin,go to page admin,2023-07-23      17:57:25 
bader,10111,Admin,Settings,2023-07-23      17:58:03 
bader,10111,Admin,go to page admin,2023-07-23      18:03:08 
bader,10111,Admin,Settings,2023-07-23      18:03:59 
bader,10111,Admin,Edit a user successfully,2023-07-23     18:04:08 
bader,10111,Admin,Edit a user successfully,2023-07-23     18:04:17 
bader,10111,Admin,Face Recognition,2023-07-23      22:47:51 
bader,10111,Admin,go to page admin,2023-07-23      22:49:02 
bader,10111,Admin,Settings,2023-07-23      22:49:37 
bader,10111,Admin,go to page admin,2023-07-23      23:27:32 
bader,10111,Admin,go to page admin,2023-07-23      23:28:03 
baderdineee,101789,Maintenance,Face Recognition,2023-07-24      00:25:16 
baderdineee,101789,Maintenance,Face Recognition,2023-07-24      00:48:52 
bader,10111,Admin,go to page admin,2023-07-24      00:49:18 
bader,10111,Admin,go to page admin,2023-07-24      12:37:51 
bader,10111,Admin,Settings,2023-07-24      12:38:20 
bader,10111,Admin,Edit a user successfully,2023-07-24     12:38:30 
bader,10111,Admin,go to page admin,2023-07-24      12:44:36 
bader,10111,Admin,go to page admin,2023-07-24      12:55:08 
bader,10111,Admin,Settings,2023-07-24      12:55:24 
bader,10111,Admin,go to page admin,2023-07-24      12:57:02 
bader,10111,Admin,Settings,2023-07-24      12:57:16 
bader,10111,Admin,Edit a user successfully,2023-07-24     12:57:41 
baderdineee,101789,Maintenance,Face Recognition,2023-07-24      15:38:59 
baderdineee,101789,Maintenance,Face Recognition,2023-07-24      15:40:23 
bader,10111,Admin,go to page admin,2023-07-24      15:40:40 
baderdineee,101789,Maintenance,Face Recognition,2023-07-24      16:38:36 
bader,10111,Admin,go to page admin,2023-07-24      17:17:52 
bader,10111,Admin,Settings,2023-07-25      01:46:20 
bader,10111,Admin,go to page admin,2023-07-25      23:09:39 
bader,10111,Admin,go to page admin,2023-07-25      23:09:59 
bader,10111,Admin,go to page admin,2023-07-25      23:10:52 
bader,10111,Admin,Settings,2023-07-25      23:34:33 
bader,10111,Admin,Edit a user successfully,2023-07-26     09:45:10 
bader,10111,Admin,Edit a user successfully,2023-07-26     09:45:22 
bader,10111,Admin,go to page admin,2023-07-26      09:46:35 
bader,10111,Admin,Settings,2023-07-26      09:47:57 
bader,10111,Admin,go to page admin,2023-07-26      09:50:55 
bader,10111,Admin,go to page admin,2023-07-26      09:54:39 
bader,10111,Admin,go to page admin,2023-07-26      09:56:04 
bader,10111,Admin,Add a user,2023-07-26      09:56:20 
amel,128863,Admin,go to page admin,2023-07-26      09:56:38 
amel,128863,Admin,go to page admin,2023-07-26      09:59:12 
amel,128863,Admin,Add a user,2023-07-26      09:59:55 
amel,128863,Admin,deleted successfully!,2023-07-26      10:00:15 
amel,128863,Admin,Edit a user successfully,2023-07-26     10:00:32 
bader,10111,Admin,go to page admin,2023-07-26      10:02:34 
bader,10111,Admin,go to page admin,2023-07-26      10:03:36 
bader,10111,Admin,go to page admin,2023-07-26      10:05:53 
Amal,95060753,Admin,go to page admin,2023-07-26      10:08:11 
bader,10111,Admin,go to page admin,2023-07-26      10:10:04 
bader,10111,Admin,go to page admin,2023-07-26      10:10:47 
bader,10111,Admin,go to page admin,2023-07-26      10:11:28 
bader,10111,Admin,Add a user,2023-07-26      10:12:33 
bader,10111,Admin,Edit a user successfully,2023-07-26     10:13:06 
bader,10111,Admin,Edit a user successfully,2023-07-26     10:13:13 
bader,10111,Admin,go to page admin,2023-07-26      10:16:43 
bader,10111,Admin,Edit a user successfully,2023-07-26     10:17:01 
bader,10111,Admin,go to page admin,2023-07-26      10:21:59 
saif,149928,Admin,go to page admin,2023-07-26      10:25:40 
bader,10111,Admin,go to page admin,2023-07-26      10:28:39 
bader,10111,Admin,go to page admin,2023-07-26      10:33:06 
bader,10111,Admin,Edit a user successfully,2023-07-26     10:49:03 
bader,10111,Admin,Face Recognition,2023-07-26      10:53:34 
baderdineee,101789,Maintenance,Face Recognition,2023-07-26      10:53:49 
baderdineee,101789,Maintenance,Face Recognition,2023-07-26      10:54:54 
saif,149928,Admin,go to page admin,2023-07-26      10:55:12 
saif,149928,Admin,go to page admin,2023-07-26      10:56:40 
saif,149928,Admin,Face Recognition,2023-07-26      10:57:38 
saif,149928,Admin,go to page admin,2023-07-26      10:57:56 
saif,149928,Admin,Edit a user successfully,2023-07-26     10:58:41 
bader,10111,Admin,go to page admin,2023-07-26      11:08:26 
saif,149928,Admin,go to page admin,2023-07-26      11:17:05 
saif,149928,Admin,go to page admin,2023-07-26      11:17:38 
bader,10111,Admin,go to page admin,2023-07-26      11:29:53 
bader,10111,Admin,go to page admin,2023-07-26      11:30:14 
amalaaaaa,789221,Maintenance,Face Recognition,2023-07-26      15:20:39 
amalaaaaa,789221,Maintenance,Face Recognition,2023-07-26      15:23:12 
AAA,773015,Process,Face Recognition,2023-07-26      15:25:35 
bader,10111,Admin,go to page admin,2023-07-27      09:49:15 
baderdineee,101789,Maintenance,Face Recognition,2023-07-27      09:57:20 
baderdineee,101789,Maintenance,Face Recognition,2023-07-27      10:07:17 
baderdineee,101789,Maintenance,Face Recognition,2023-07-27      10:17:51 
baderdineee,101789,Maintenance,Face Recognition,2023-07-27      10:19:29 
baderdineee,101789,Maintenance,Face Recognition,2023-07-27      10:23:54 
bader,10111,Admin,Face Recognition,2023-07-27      10:27:12 
bader,10111,Admin,Face Recognition,2023-07-27      10:28:08 
bader,10111,Admin,Face Recognition,2023-07-27      10:28:48 
bader,10111,Admin,Face Recognition,2023-07-27      10:30:05 
baderdineee,101789,Maintenance,Face Recognition,2023-07-27      10:30:43 
bader,10111,Admin,Face Recognition,2023-07-27      10:31:03 
baderdineee,101789,Maintenance,Face Recognition,2023-07-27      10:31:17 
bader,10111,Admin,Face Recognition,2023-07-27      10:32:31 
bader,10111,Admin,Face Recognition,2023-07-27      10:46:00 
bader,10111,Admin,Face Recognition,2023-07-27      11:30:51 
bader,10111,Admin,go to page admin,2023-07-27      15:12:59 
bader,10111,Admin,go to page admin,2023-07-27      15:13:31 
saif,149928,Admin,go to page admin,2023-07-27      15:14:19 
baderdineee,101789,Maintenance,Face Recognition,2023-07-27      15:15:48 
bader,10111,Admin,Face Recognition,2023-07-27      21:54:25 
bader,10111,Admin,Face Recognition,2023-07-27      21:55:40 
bader,10111,Admin,Face Recognition,2023-07-27      23:46:45 
bader,10111,Admin,Face Recognition,2023-07-27      23:50:02 
bader,10111,Admin,Face Recognition,2023-07-27      23:53:39 
bader,10111,Admin,Face Recognition,2023-07-27      23:54:44 
bader,10111,Admin,Face Recognition,2023-07-27      23:55:58 
bader,10111,Admin,Face Recognition,2023-07-27      23:56:50 
bader,10111,Admin,Face Recognition,2023-07-28      00:14:29 
bader,10111,Admin,Face Recognition,2023-07-28      00:15:18 
bader,10111,Admin,Face Recognition,2023-07-28      00:17:14 
bader,10111,Admin,Face Recognition,2023-07-28      00:19:27 
bader,10111,Admin,Face Recognition,2023-07-28      00:31:07 
baderdineee,101789,Maintenance,Face Recognition,2023-07-28      00:32:00 
bader,10111,Admin,Face Recognition,2023-07-28      00:32:22 
bader,10111,Admin,Face Recognition,2023-07-28      09:40:13 
bader,10111,Admin,Face Recognition,2023-07-28      09:40:57 
bader,10111,Admin,Face Recognition,2023-07-28      09:44:45 
bader,10111,Admin,Face Recognition,2023-07-28      09:47:01 
bader,10111,Admin,Face Recognition,2023-07-28      09:47:26 
Amal,95060753,Admin,Face Recognition,2023-07-28      09:49:31 
saif,149928,Admin,Face Recognition,2023-07-28      10:03:46 
bader,10111,Admin,Face Recognition,2023-07-28      10:04:01 
bader,10111,Admin,Face Recognition,2023-07-28      10:04:15 
bader,10111,Admin,go to page admin,2023-07-31      09:29:41 
bader,10111,Admin,go to page admin,2023-07-31      09:30:11 
saif,149928,Admin,go to page admin,2023-07-31      10:25:57 
saif,149928,Admin,go to page admin,2023-07-31      10:26:48 
saif,149928,Admin,Add a user,2023-07-31      10:28:09 
Noura,487660,Quality,Face Recognition,2023-07-31      10:28:39 
Amal,95060753,Admin,go to page admin,2023-07-31      10:29:05 
Amal,95060753,Admin,Edit a user successfully,2023-07-31     10:29:20 
Amal,95060753,Quality,Face Recognition,2023-07-31      10:29:38 
bader,10111,Admin,Face Recognition,2023-07-31      10:29:59 
bader,10111,Admin,go to page admin,2023-07-31      10:30:14 
bader,10111,Admin,Edit a user successfully,2023-07-31     10:30:31 
saif,149928,Admin,Face Recognition,2023-07-31      10:33:19 
bader,10111,Admin,Face Recognition,2023-07-31      10:35:43 
bader,10111,Admin,Face Recognition,2023-07-31      10:47:50 
bader,10111,Admin,go to page admin,2023-07-31      10:49:46 
bader,10111,Admin,Face Recognition,2023-07-31      10:52:22 
bader,10111,Admin,Face Recognition,2023-07-31      11:02:33 
Amal,95060753,Admin,Face Recognition,2023-07-31      11:12:08 
bader,10111,Admin,Face Recognition,2023-07-31      14:19:41 
saif,149928,Admin,Face Recognition,2023-07-31      14:22:39 
bader,10111,Admin,Face Recognition,2023-07-31      14:26:43 
saif,149928,Admin,Face Recognition,2023-07-31      14:27:15 
bader,10111,Admin,Face Recognition,2023-07-31      14:29:42 
Amal,95060753,Admin,Face Recognition,2023-07-31      14:30:15 
bader,10111,Admin,go to page admin,2023-08-11      00:46:19 
bader,10111,Admin,Face Recognition,2023-08-12      03:21:51 
bader,10111,Admin,Face Recognition,2023-08-12      03:25:07 
bader,10111,Admin,go to page admin,2023-08-12      03:25:22 
bader,10111,Admin,deleted successfully!,2023-08-12      03:25:38 
bader,10111,Admin,go to page admin,2023-08-12      03:26:44 
bader,10111,Admin,go to page admin,2023-08-12      03:28:33 
bader,10111,Admin,Add a user,2023-08-12      03:29:08 
badeeeeeee,5579931,Process,Face Recognition,2023-08-12      03:31:46 
bader,10111,Admin,go to page admin,2023-08-12      03:32:09 
bader,10111,Admin,go to page admin,2023-08-12      03:34:16 
bader,10111,Admin,Add a user,2023-08-12      03:34:44 
cvbader,1254996,Quality,Face Recognition,2023-08-12      03:35:13 
bader,10111,Admin,go to page admin,2023-08-12      03:35:27 
bader,10111,Admin,deleted successfully!,2023-08-12      03:36:04 
bader,10111,Admin,go to page admin,2023-08-12      03:43:17 
bader,10111,Admin,go to page admin,2023-08-12      03:44:40 
bader,10111,Admin,Add a user,2023-08-12      03:45:12 
bader,10111,Admin,deleted successfully!,2023-08-12      03:45:25 
bader,10111,Admin,go to page admin,2023-08-13      01:44:20 
bader,10111,Admin,Face Recognition,2023-08-21      14:05:43 
bader,10111,Admin,go to page admin,2023-08-21      14:07:41 
bader,10111,Admin,Add a user,2023-08-21      14:08:16 
badeeeer,885963,Operator,Face Recognition,2023-08-21      14:08:53 
badeeeer,885963,Operator,Face Recognition,2023-08-21      14:14:59 
bader,10111,Admin,Face Recognition,2023-08-21      14:19:01 
bader,10111,Admin,Face Recognition,2023-08-21      14:24:39 
badeeeer,885963,Operator,Face Recognition,2023-08-21      14:31:17 
bader,10111,Admin,go to page admin,2023-08-21      14:40:05 
bader,10111,Admin,Face Recognition,2023-08-21      14:44:42 
bader,10111,Admin,go to page admin,2023-08-21      14:44:53 
bader,10111,Admin,go to page admin,2023-08-21      14:50:43 
bader,10111,Admin,Add a user,2023-08-21      14:51:33 
bdddd,8792214,Maintenance,Face Recognition,2023-08-21      14:51:58 
bader,10111,Admin,go to page admin,2023-08-21      15:19:16 
bader,10111,Admin,go to page admin,2023-08-21      15:21:54 
bader,10111,Admin,go to page admin,2023-08-21      15:23:28 
bader,10111,Admin,go to page admin,2023-08-21      15:25:20 
bader,10111,Admin,Add a user,2023-08-21      15:25:37 
bader,10111,Admin,go to page admin,2023-08-21      15:28:58 
bader,10111,Admin,Add a user,2023-08-21      15:29:14 
bader,10111,Admin,Add a user,2023-08-21      15:31:54 
bader,10111,Admin,Add a user,2023-08-21      15:57:52 
bader,10111,Admin,deleted successfully!,2023-08-21      15:58:19 
bader,10111,Admin,deleted successfully!,2023-08-21      15:58:25 
bader,10111,Admin,deleted successfully!,2023-08-21      15:58:32 
bader,10111,Admin,Add a user,2023-08-21      16:17:21 
bader,10111,Admin,Add a user,2023-08-21      16:21:01 
bader,10111,Admin,deleted successfully!,2023-08-21      16:21:16 
bader,10111,Admin,Add a user,2023-08-21      17:35:46 
bader,10111,Admin,deleted successfully!,2023-08-21      17:36:09 
bader,10111,Admin,deleted successfully!,2023-08-21      17:36:16 
bader,10111,Admin,deleted successfully!,2023-08-21      17:36:21 
bader,10111,Admin,deleted successfully!,2023-08-21      17:36:28 
bader,10111,Admin,go to page admin,2023-08-21      17:44:08 
bader,10111,Admin,Add a user,2023-08-21      17:44:48 
badrrrr,125546,Quality,Face Recognition,2023-08-21      17:45:05 
bader,10111,Admin,go to page admin,2023-08-22      03:18:58 
bader,10111,Admin,go to page admin,2023-08-22      03:21:10 
bader,10111,Admin,Face Recognition,2023-08-22      03:21:51 
bader,10111,Admin,go to page admin,2023-08-22      03:37:45 
bader,10111,Admin,go to page admin,2023-08-22      03:39:08 
bader,10111,Admin,go to page admin,2023-08-22      03:39:59 
bader,10111,Admin,go to page admin,2023-08-22      03:40:42 
bader,10111,Admin,go to page admin,2023-08-22      03:43:09 
bader,10111,Admin,go to page admin,2023-08-22      03:44:46 
bader,10111,Admin,go to page admin,2023-08-22      03:46:04 
bader,10111,Admin,go to page admin,2023-08-22      04:01:43 
bader,10111,Admin,go to page admin,2023-08-22      04:02:38 
bader,10111,Admin,go to page admin,2023-08-22      04:03:36 
bader,10111,Admin,go to page admin,2023-08-22      04:05:33 
bader,10111,Admin,go to page admin,2023-08-22      04:06:25 
bader,10111,Admin,go to page admin,2023-08-22      04:08:18 
bader,10111,Admin,go to page admin,2023-08-22      04:08:54 
bader,10111,Admin,go to page admin,2023-08-22      04:15:10 
bader,10111,Admin,go to page admin,2023-08-22      04:16:06 
bader,10111,Admin,go to page admin,2023-08-22      04:17:09 
bader,10111,Admin,go to page admin,2023-08-22      04:18:14 
bader,10111,Admin,Face Recognition,2023-08-22      04:21:53 
bader,10111,Admin,Face Recognition,2023-08-22      04:23:20 
bader,10111,Admin,Face Recognition,2023-08-22      04:23:41 
bader,10111,Admin,Face Recognition,2023-08-22      04:33:21 
bader,10111,Admin,Face Recognition,2023-08-22      04:33:37 
bader,10111,Admin,Face Recognition,2023-08-22      15:39:52 
bader,10111,Admin,Face Recognition,2023-08-22      15:40:51 
bader,10111,Admin,Face Recognition,2023-08-22      15:41:09 
bader,10111,Admin,Face Recognition,2023-08-22      15:42:56 
bader,10111,Admin,Face Recognition,2023-08-22      15:48:17 
bader,10111,Admin,Face Recognition,2023-08-22      15:48:32 
bader,10111,Admin,Face Recognition,2023-08-22      15:52:20 
bader,10111,Admin,Face Recognition,2023-08-22      15:52:35 
bader,10111,Admin,Face Recognition,2023-08-22      15:57:07 
bader,10111,Admin,go to page admin,2023-08-22      16:00:31 
bader,10111,Admin,go to page admin,2023-08-22      16:01:10 
bader,10111,Admin,Face Recognition,2023-08-22      16:06:07 
bader,10111,Admin,go to page admin,2023-08-22      16:06:21 
bader,10111,Admin,go to page admin,2023-08-22      16:07:10 
